Workbook

Sheet Master Sheet (100 Qs)
A1: S.No | B1: Topic | C1: Subtopic | D1: Question Name | E1: Difficulty | F1: Platform | G1: Direct Practice Link | H1: Asked in Deloitte? | I1: Similar to Deloitte? | J1: Importance | K1: Status
A2: 1 | B2: Arrays | C2: Basic | D2: Two Sum | E2: Easy | F2: LeetCode | G2: https://leetcode.com/problems/two-sum/ | H2: Community Report | I2: Yes | J2: High
A3: 2 | B3: Arrays | C3: Basic | D3: Contains Duplicate | E3: Easy | F3: LeetCode | G3: https://leetcode.com/problems/contains-duplicate/ | H3: Community Report | I3: Yes | J3: High
A4: 3 | B4: Arrays | C4: Basic | D4: Best Time to Buy and Sell Stock | E4: Easy | F4: LeetCode | G4: https://leetcode.com/problems/best-time-to-buy-and-sell-stock/ | H4: Community Report | I4: Yes | J4: High
A5: 4 | B5: Arrays | C5: Basic | D5: Move Zeroes | E5: Easy | F5: LeetCode | G5: https://leetcode.com/problems/move-zeroes/ | H5: Similar | I5: Yes | J5: Medium
A6: 5 | B6: Arrays | C6: Rotation | D6: Rotate Array | E6: Medium | F6: LeetCode | G6: https://leetcode.com/problems/rotate-array/ | H6: Similar | I6: Yes | J6: Medium
A7: 6 | B7: Arrays | C7: Kadane's Algorithm | D7: Maximum Subarray | E7: Easy-Medium | F7: LeetCode | G7: https://leetcode.com/problems/maximum-subarray/ | H7: Community Report | I7: Yes | J7: High
A8: 7 | B8: Arrays | C8: Voting Algorithm | D8: Majority Element | E8: Easy | F8: LeetCode | G8: https://leetcode.com/problems/majority-element/ | H8: Similar | I8: Yes | J8: Medium
A9: 8 | B9: Arrays | C9: Prefix Product | D9: Product of Array Except Self | E9: Medium | F9: LeetCode | G9: https://leetcode.com/problems/product-of-array-except-self/ | H9: Similar | I9: Yes | J9: Medium
A10: 9 | B10: Arrays | C10: Merging | D10: Merge Sorted Array | E10: Easy | F10: LeetCode | G10: https://leetcode.com/problems/merge-sorted-array/ | H10: Similar | I10: Yes | J10: Medium
A11: 10 | B11: Arrays | C11: Sorting | D11: Sort Colors (Dutch National Flag) | E11: Medium | F11: LeetCode | G11: https://leetcode.com/problems/sort-colors/ | H11: Similar | I11: Yes | J11: Medium
A12: 11 | B12: Arrays | C12: Missing Element | D12: Missing Number | E12: Easy | F12: LeetCode | G12: https://leetcode.com/problems/missing-number/ | H12: Community Report | I12: Yes | J12: High
A13: 12 | B13: Mathematics | C13: Digit Manipulation | D13: Armstrong Number | E13: Easy | F13: GeeksforGeeks | G13: https://www.geeksforgeeks.org/c-program-to-check-armstrong-number/ | H13: Community Report | I13: Yes | J13: High
... A101: 100 | B101: Miscellaneous | C101: String Math | D101: Greatest Common Divisor of Strings | E101: Easy | F101: LeetCode | G101: https://leetcode.com/problems/greatest-common-divisor-of-strings/ | H101: Similar | I101: Yes | J101: Medium

Sheet Topic-wise Summary
A1: Topic-wise Question Distribution
A3: S.No | B3: Topic | C3: No. of Questions
A4: 1 | B4: Arrays | C4: =COUNTIF('Master Sheet (100 Qs)'!$B$2:$B$101,B4) -> 11
A5: 2 | B5: Mathematics | C5: =COUNTIF('Master Sheet (100 Qs)'!$B$2:$B$101,B5) -> 3
A6: 3 | B6: Strings | C6: =COUNTIF('Master Sheet (100 Qs)'!$B$2:$B$101,B6) -> 9
A7: 4 | B7: Number Theory | C7: =COUNTIF('Master Sheet (100 Qs)'!$B$2:$B$101,B7) -> 4
A8: 5 | B8: Frequency Counting | C8: =COUNTIF('Master Sheet (100 Qs)'!$B$2:$B$101,B8) -> 1
A9: 6 | B9: HashMap / HashSet | C9: =COUNTIF('Master Sheet (100 Qs)'!$B$2:$B$101,B9) -> 4
A10: 7 | B10: Intervals | C10: =COUNTIF('Master Sheet (100 Qs)'!$B$2:$B$101,B10) -> 2
A11: 8 | B11: Sorting | C11: =COUNTIF('Master Sheet (100 Qs)'!$B$2:$B$101,B11) -> 2
A12: 9 | B12: Binary Search | C12: =COUNTIF('Master Sheet (100 Qs)'!$B$2:$B$101,B12) -> 6
A13: 10 | B13: Two Pointers | C13: =COUNTIF('Master Sheet (100 Qs)'!$B$2:$B$101,B13) -> 3
A14: 11 | B14: Sliding Window | C14: =COUNTIF('Master Sheet (100 Qs)'!$B$2:$B$101,B14) -> 3
A15: 12 | B15: Prefix Sum | C15: =COUNTIF('Master Sheet (100 Qs)'!$B$2:$B$101,B15) -> 2
... A31: 28 | B31: Miscellaneous | C31: =COUNTIF('Master Sheet (100 Qs)'!$B$2:$B$101,B31) -> 1
B32: Total | C32: =SUM(C4:C31) -> 100

Sheet Difficulty Distribution
A1: Difficulty Distribution
A3: S.No | B3: Difficulty | C3: No. of Questions
A4: 1 | B4: Easy | C4: =COUNTIF('Master Sheet (100 Qs)'!$E$2:$E$101,B4) -> 48
A5: 2 | B5: Easy-Medium | C5: =COUNTIF('Master Sheet (100 Qs)'!$E$2:$E$101,B5) -> 5
A6: 3 | B6: Medium | C6: =COUNTIF('Master Sheet (100 Qs)'!$E$2:$E$101,B6) -> 47
B7: Total | C7: =SUM(C4:C6) -> 100

Sheet Progress Tracker
A1: Deloitte Prep — Progress Tracker
A3: Metric | B3: Value
A4: Total Questions | B4: =COUNTA('Master Sheet (100 Qs)'!A2:A101) -> 100
A5: Solved (Status = Done) | B5: =COUNTIF('Master Sheet (100 Qs)'!K2:K101,"Done") -> 0
A6: In Progress (Status = In Progress) | B6: =COUNTIF('Master Sheet (100 Qs)'!K2:K101,"In Progress") -> 0
A7: Not Started | B7: =COUNTA('Master Sheet (100 Qs)'!A2:A101)-COUNTIF('Master Sheet (100 Qs)'!K2:K101,"Done")-COUNTIF('Master Sheet (100 Qs)'!K2:K101,"In Progress") -> 100
A8: Completion % | B8: =ROUND(COUNTIF('Master Sheet (100 Qs)'!K2:K101,"Done")/COUNTA('Master Sheet (100 Qs)'!A2:A101)*100,1) -> 0
A9: High Importance Solved | B9: =COUNTIFS('Master Sheet (100 Qs)'!J2:J101,"High",'Master Sheet (100 Qs)'!K2:K101,"Done") -> 0
A10: Total High Importance Qs | B10: =COUNTIF('Master Sheet (100 Qs)'!J2:J101,"High") -> 35
A13: Instructions:
A14: 1. Go to 'Master Sheet (100 Qs)', column K (Status).
A15: 2. Type 'Done', 'In Progress', or leave blank for each question as you practice.
A16: 3. This tracker updates automatically using formulas.
