Workbook

Sheet Master Sheet (100 Qs)
A1: S.No | B1: Topic | C1: Subtopic | D1: Question Name | E1: Difficulty | F1: Platform | G1: Direct Practice Link | H1: Asked in Deloitte? | I1: Similar to Deloitte? | J1: Importance | K1: Status
A2: 1 | B2: Arrays | C2: Basic | D2: Contains Duplicate | E2: Easy | F2: LeetCode | G2: https://leetcode.com/problems/contains-duplicate/ | H2: Community Report | I2: Yes | J2: High
A3: 2 | B3: Arrays | C3: Kadane's Algorithm | D3: Maximum Subarray | E3: Easy-Medium | F3: LeetCode | G3: https://leetcode.com/problems/maximum-subarray/ | H3: Community Report | I3: Yes | J3: High
A4: 3 | B4: Arrays | C4: Prefix Product | D4: Product of Array Except Self | E4: Medium | F4: LeetCode | G4: https://leetcode.com/problems/product-of-array-except-self/ | H4: Similar | I4: Yes | J4: Medium
A5: 4 | B5: Arrays | C5: Merging | D5: Merge Sorted Array | E5: Easy | F5: LeetCode | G5: https://leetcode.com/problems/merge-sorted-array/ | H5: Similar | I5: Yes | J5: Medium
A6: 5 | B6: Arrays | C6: Missing Element | D6: Missing Number | E6: Easy | F6: LeetCode | G6: https://leetcode.com/problems/missing-number/ | H6: Community Report | I6: Yes | J6: High
A7: 6 | B7: Mathematics | C7: Digit Manipulation | D7: Armstrong Number | E7: Easy | F7: GeeksforGeeks | G7: https://www.geeksforgeeks.org/c-program-to-check-armstrong-number/ | H7: Community Report | I7: Yes | J7: High
A8: 7 | B8: Strings | C8: Anagram | D8: Valid Anagram | E8: Easy | F8: LeetCode | G8: https://leetcode.com/problems/valid-anagram/ | H8: Community Report | I8: Yes | J8: High
A9: 8 | B9: Strings | C9: Palindrome | D9: Valid Palindrome | E9: Easy | F9: LeetCode | G9: https://leetcode.com/problems/valid-palindrome/ | H9: Community Report | I9: Yes | J9: High
A10: 9 | B10: Strings | C10: Reversal | D10: Reverse Words in a String | E10: Medium | F10: LeetCode | G10: https://leetcode.com/problems/reverse-words-in-a-string/ | H10: Similar | I10: Yes | J10: Medium
A11: 10 | B11: Strings | C11: Sliding Window | D11: Longest Substring Without Repeating Characters | E11: Medium | F11: LeetCode | G11: https://leetcode.com/problems/longest-substring-without-repeating-characters/ | H11: Community Report | I11: Yes | J11: High
A12: 11 | B12: Strings | C12: Compression | D12: String Compression | E12: Medium | F12: LeetCode | G12: https://leetcode.com/problems/string-compression/ | H12: Similar | I12: Yes | J12: Medium
A13: 12 | B13: Strings | C13: Parsing | D13: Roman to Integer | E13: Easy | F13: LeetCode | G13: https://leetcode.com/problems/roman-to-integer/ | H13: Similar | I13: Yes | J13: Medium
... A93: 92 | B93: Miscellaneous | C93: String Math | D93: Greatest Common Divisor of Strings | E93: Easy | F93: LeetCode | G93: https://leetcode.com/problems/greatest-common-divisor-of-strings/ | H93: Similar | I93: Yes | J93: Medium

Sheet Topic-wise Summary
A1: Topic-wise Question Distribution
A3: S.No | B3: Topic | C3: No. of Questions
A4: 1 | B4: Arrays | C4: =COUNTIF('Master Sheet (100 Qs)'!$B$2:$B$101,B4)
A5: 2 | B5: Mathematics | C5: =COUNTIF('Master Sheet (100 Qs)'!$B$2:$B$101,B5)
A6: 3 | B6: Strings | C6: =COUNTIF('Master Sheet (100 Qs)'!$B$2:$B$101,B6)
A7: 4 | B7: Number Theory | C7: =COUNTIF('Master Sheet (100 Qs)'!$B$2:$B$101,B7)
A8: 5 | B8: Frequency Counting | C8: =COUNTIF('Master Sheet (100 Qs)'!$B$2:$B$101,B8)
A9: 6 | B9: HashMap / HashSet | C9: =COUNTIF('Master Sheet (100 Qs)'!$B$2:$B$101,B9)
A10: 7 | B10: Intervals | C10: =COUNTIF('Master Sheet (100 Qs)'!$B$2:$B$101,B10)
A11: 8 | B11: Sorting | C11: =COUNTIF('Master Sheet (100 Qs)'!$B$2:$B$101,B11)
A12: 9 | B12: Binary Search | C12: =COUNTIF('Master Sheet (100 Qs)'!$B$2:$B$101,B12)
A13: 10 | B13: Two Pointers | C13: =COUNTIF('Master Sheet (100 Qs)'!$B$2:$B$101,B13)
A14: 11 | B14: Sliding Window | C14: =COUNTIF('Master Sheet (100 Qs)'!$B$2:$B$101,B14)
A15: 12 | B15: Prefix Sum | C15: =COUNTIF('Master Sheet (100 Qs)'!$B$2:$B$101,B15)
... A31: 28 | B31: Miscellaneous | C31: =COUNTIF('Master Sheet (100 Qs)'!$B$2:$B$101,B31)
B32: Total | C32: =SUM(C4:C31)

Sheet Difficulty Distribution
A1: Difficulty Distribution
A3: S.No | B3: Difficulty | C3: No. of Questions
A4: 1 | B4: Easy | C4: =COUNTIF('Master Sheet (100 Qs)'!$E$2:$E$101,B4)
A5: 2 | B5: Easy-Medium | C5: =COUNTIF('Master Sheet (100 Qs)'!$E$2:$E$101,B5)
A6: 3 | B6: Medium | C6: =COUNTIF('Master Sheet (100 Qs)'!$E$2:$E$101,B6)
B7: Total | C7: =SUM(C4:C6)

Sheet Progress Tracker
A1: Deloitte Prep — Progress Tracker
A3: Metric | B3: Value
A4: Total Questions | B4: =COUNTA('Master Sheet (100 Qs)'!A2:A101)
A5: Solved (Status = Done) | B5: =COUNTIF('Master Sheet (100 Qs)'!K2:K101,"Done")
A6: In Progress (Status = In Progress) | B6: =COUNTIF('Master Sheet (100 Qs)'!K2:K101,"In Progress")
A7: Not Started | B7: =COUNTA('Master Sheet (100 Qs)'!A2:A101)-COUNTIF('Master Sheet (100 Qs)'!K2:K101,"Done")-COUNTIF('Master Sheet (100 Qs)'!K2:K101,"In Progress")
A8: Completion % | B8: =ROUND(COUNTIF('Master Sheet (100 Qs)'!K2:K101,"Done")/COUNTA('Master Sheet (100 Qs)'!A2:A101)*100,1)
A9: High Importance Solved | B9: =_xlfn.COUNTIFS('Master Sheet (100 Qs)'!J2:J101,"High",'Master Sheet (100 Qs)'!K2:K101,"Done")
A10: Total High Importance Qs | B10: =COUNTIF('Master Sheet (100 Qs)'!J2:J101,"High")
A13: Instructions:
A14: 1. Go to 'Master Sheet (100 Qs)', column K (Status).
A15: 2. Type 'Done', 'In Progress', or leave blank for each question as you practice.
A16: 3. This tracker updates automatically using formulas.
